{"results":[{"tables":[{"rows":[{"[Fat Realizado YTD]":306013448.81,"[Fat Orcado YTD]":303610180.0,"[Mov Realizada YTD Cattalini]":2272801.31,"[Mov Orcada YTD]":2359809.18,"[Market Share YTD]":0.5832855036330842,"[Ating Faturamento YTD]":1.007915639752264,"[Ating Movimentacao YTD Cattalini]":0.9631292772579179}]}]}],"firstTableRows":[{"[Fat Realizado YTD]":306013448.81,"[Fat Orcado YTD]":303610180.0,"[Mov Realizada YTD Cattalini]":2272801.31,"[Mov Orcada YTD]":2359809.18,"[Market Share YTD]":0.5832855036330842,"[Ating Faturamento YTD]":1.007915639752264,"[Ating Movimentacao YTD Cattalini]":0.9631292772579179}]}